[
    {
        "id": "no_armor",
        "name": "No Armor",
        "type": "No Armor",
        "rarity": "Standard",
        "ac": 10,
        "cost": "5 gp",
        "modifier": [
            {
                "ability": "dexterity",
                "max": null
            }
        ],
        "requirements": {},
        "disadvantage": false
    },
    {
        "id": "padded_armour",
        "name": "Padded Armor",
        "type": "Light Armor",
        "rarity": "Standard",
        "ac": 11,
        "cost": "5 gp",
        "weight": "8 lb.",
        "modifier": [
            {
                "ability": "dexterity",
                "max": null
            }
        ],
        "requirements": {},
        "disadvantage": true
    },
    {
        "id": "leather_armour",
        "name": "Leather Armor",
        "type": "Light Armor",
        "rarity": "Standard",
        "ac": 11,
        "cost": "10 gp",
        "weight": "10 lb.",
        "modifier": [
            {
                "ability": "dexterity",
                "max": null
            }
        ],
        "requirements": {},
        "disadvantage": false
    },
    {
        "id": "studded_leather_armour",
        "name": "Studded Leather Armor",
        "type": "Light Armor",
        "rarity": "Standard",
        "ac": 12,
        "cost": "45 gp",
        "weight": "13 lb.",
        "modifier": [
            {
                "ability": "dexterity",
                "max": null
            }
        ],
        "requirements": {},
        "disadvantage": false
    },
    {
        "id": "hide",
        "name": "Hide",
        "type": "Medium Armor",
        "ac": 12,
        "cost": "10 gp",
        "weight": "12 lb.",
        "modifier": [
            {
                "ability": "dexterity",
                "max": 2
            }
        ],
        "requirements": {},
        "disadvantage": false
    },
    {
        "id": "chain_shirt",
        "name": "Chain Shirt",
        "type": "Medium Armor",
        "rarity": "Standard",
        "ac": 13,
        "cost": "50 gp",
        "weight": "20 lb.",
        "modifier": [
            {
                "ability": "dexterity",
                "max": 2
            }
        ],
        "requirements": {},
        "disadvantage": false
    },
    {
        "id": "scale",
        "name": "Scale mail",
        "type": "Medium Armor",
        "rarity": "Standard",
        "ac": 14,
        "cost": "50 gp",
        "weight": "45 lb.",
        "modifier": [
            {
                "ability": "dexterity",
                "max": 2
            }
        ],
        "requirements": {},
        "disadvantage": true
    },
    {
        "id": "breastplate",
        "name": "Breastplate",
        "type": "Medium Armor",
        "rarity": "Standard",
        "ac": 14,
        "cost": "400 gp",
        "weight": "20 lb.",
        "modifier": [
            {
                "ability": "dexterity",
                "max": 2
            }
        ],
        "requirements": {},
        "disadvantage": false
    },
    {
        "id": "half_plate",
        "name": "Half plate",
        "type": "Medium Armor",
        "rarity": "Standard",
        "ac": 15,
        "cost": "750 gp",
        "weight": "40 lb.",
        "modifier": [
            {
                "ability": "dexterity",
                "max": 2
            }
        ],
        "requirements": {},
        "disadvantage": true
    },
    {
        "id": "ring_mail",
        "name": "Ring mail",
        "type": "Heavy Armor",
        "rarity": "Standard",
        "ac": 14,
        "cost": "30 gp",
        "weight": "40 lb.",
        "modifier": [],
        "requirements": {},
        "disadvantage": true
    },
    {
        "id": "chain_mail",
        "name": "Chain mail",
        "type": "Heavy Armor",
        "rarity": "Standard",
        "ac": 16,
        "cost": "75 gp",
        "weight": "55 lb.",
        "modifier": [],
        "requirements": {
            "strength": 13
        },
        "disadvantage": true
    },
    {
        "id": "splint",
        "name": "Splint",
        "type": "Heavy Armor",
        "rarity": "Standard",
        "ac": 17,
        "cost": "200 gp",
        "weight": "60 lb.",
        "modifier": [],
        "requirements": {
            "strength": 15
        },
        "disadvantage": true
    },
    {
        "id": "plate_mail",
        "name": "Plate Mail",
        "type": "Heavy Armor",
        "rarity": "Standard",
        "ac": 18,
        "cost": "1500 gp",
        "weight": "65 lb.",
        "requirements": {
            "strength": 15
        },
        "modifier": [],
        "disadvantage": true
    },
    {
        "id": "mage_armour_spell",
        "name": "Mage Armour spell",
        "type": "Spell",
        "rarity": "n/a",
        "ac": 13,
        "cost": "0 gp",
        "weight": "0 lb.",
        "modifier": [
            {
                "ability": "dexterity",
                "max": null
            }
        ],
        "requirements": {},
        "disadvantage": false
    },
    {
        "id": "barbarian_unarmoured",
        "name": "Barbarian Unarmoured",
        "type": "Defense ability",
        "rarity": "n/a",
        "ac": 10,
        "cost": "0 gp",
        "weight": "0 lb.",
        "modifier": [
            {
                "ability": "dexterity",
                "max": null
            },
            {
                "ability": "constitution",
                "max": null
            }
        ],
        "requirements": {},
        "disadvantage": false
    },
    {
        "id": "monk_unarmoured",
        "name": "Monk Unarmoured",
        "type": "Defense ability",
        "rarity": "n/a",
        "ac": 10,
        "cost": "0 gp",
        "weight": "0 lb.",
        "modifier": [
            {
                "ability": "dexterity",
                "max": null
            },
            {
                "ability": "wisdom",
                "max": null
            }
        ],
        "requirements": {},
        "disadvantage": false
    },
    {
        "id": "sorcerer_draconic",
        "name": "Sorcerer Draconic",
        "type": "Resilience ability",
        "rarity": "n/a",
        "ac": 13,
        "cost": "0 gp",
        "weight": "0 lb.",
        "modifier": [
            {
                "ability": "dexterity",
                "max": null
            }
        ],
        "requirements": {},
        "disadvantage": false
    },
    {
        "id": "shield",
        "name": "Shield",
        "type": "Shield",
        "rarity": "n/a",
        "ac": 2,
        "cost": "10 gp",
        "weight": "6 lb.",
        "modifier": [
            {
            }
        ],
        "requirements": {},
        "disadvantage": false
    }
]