{"user id": {"strength": {"value": 10, "modifier": 0, "proficent": true}, "dexterity": {"value": 12, "modifier": 1, "proficent": false}, "constitution": {"value": 2, "modifier": -4, "proficent": false}, "intelligence": {"value": 16, "modifier": 3, "proficent": false}, "wisdom": {"value": 10, "modifier": 0, "proficent": false}, "charisma": {"value": 12, "modifier": 1, "proficent": false}, "acrobatics": {"value": 0, "modifier": 1, "proficent": false}, "animal handling": {"value": 0, "modifier": 0, "proficent": false}, "arcana": {"value": 0, "modifier": 3, "proficent": false}, "athletics": {"value": 15, "modifier": 10, "proficent": false}, "deception": {"value": 0, "modifier": 1, "proficent": false}, "history": {"value": 0, "modifier": 3, "proficent": false}, "insight": {"value": 0, "modifier": 0, "proficent": false}, "intimidation": {"value": 0, "modifier": 1, "proficent": false}, "investigation": {"value": 0, "modifier": 16, "proficent": false}, "medicine": {"value": 0, "modifier": 0, "proficent": false}, "nature": {"value": 0, "modifier": 3, "proficent": false}, "perception": {"value": 0, "modifier": 0, "proficent": false}, "performance": {"value": 0, "modifier": 1, "proficent": false}, "persuasion": {"value": 0, "modifier": 1, "proficent": false}, "religion": {"value": 0, "modifier": 3, "proficent": false}, "sleight of hand": {"value": 0, "modifier": 1, "proficent": false}, "stealth": {"value": 0, "modifier": 1, "proficent": true}, "survival": {"value": 0, "modifier": 0, "proficent": false}, "proficiency": 12, "help": false}, "480055359462178826": {"strength": {"value": 10, "modifier": 0, "proficent": true}, "dexterity": {"value": 12, "modifier": 1, "proficent": false}, "constitution": {"value": 2, "modifier": -4, "proficent": false}, "intelligence": {"value": 16, "modifier": 3, "proficent": false}, "wisdom": {"value": 10, "modifier": 0, "proficent": false}, "charisma": {"value": 12, "modifier": 1, "proficent": false}, "acrobatics": {"value": 0, "modifier": 1, "proficent": false}, "animal handling": {"value": 0, "modifier": 0, "proficent": false}, "arcana": {"value": 0, "modifier": 3, "proficent": false}, "athletics": {"value": 15, "modifier": 10, "proficent": false}, "deception": {"value": 0, "modifier": 1, "proficent": false}, "history": {"value": 0, "modifier": 3, "proficent": false}, "insight": {"value": 0, "modifier": 0, "proficent": false}, "intimidation": {"value": 0, "modifier": 1, "proficent": false}, "investigation": {"value": 0, "modifier": 16, "proficent": false}, "medicine": {"value": 0, "modifier": 0, "proficent": false}, "nature": {"value": 0, "modifier": 3, "proficent": false}, "perception": {"value": 0, "modifier": 0, "proficent": false}, "performance": {"value": 0, "modifier": 1, "proficent": false}, "persuasion": {"value": 0, "modifier": 1, "proficent": false}, "religion": {"value": 0, "modifier": 3, "proficent": false}, "sleight of hand": {"value": 0, "modifier": 1, "proficent": false}, "stealth": {"value": 0, "modifier": 1, "proficent": true}, "survival": {"value": 0, "modifier": 0, "proficent": false}, "proficiency": 12, "help": false}, "228716653318373376": {"strength": {"value": 10, "modifier": 0, "proficent": true}, "dexterity": {"value": 12, "modifier": 1, "proficent": false}, "constitution": {"value": 12, "modifier": 1, "proficent": false}, "intelligence": {"value": 16, "modifier": 3, "proficent": false}, "wisdom": {"value": 4, "modifier": -3, "proficent": false}, "charisma": {"value": 10, "modifier": 0, "proficent": false}, "acrobatics": {"value": 0, "modifier": 1, "proficent": false}, "animal handling": {"value": 0, "modifier": -3, "proficent": false}, "arcana": {"value": 0, "modifier": 3, "proficent": false}, "athletics": {"value": 15, "modifier": 10, "proficent": false}, "deception": {"value": 0, "modifier": 0, "proficent": false}, "history": {"value": 0, "modifier": 3, "proficent": false}, "insight": {"value": 0, "modifier": -3, "proficent": false}, "intimidation": {"value": 0, "modifier": 0, "proficent": false}, "investigation": {"value": 0, "modifier": 16, "proficent": false}, "medicine": {"value": 0, "modifier": -3, "proficent": false}, "nature": {"value": 0, "modifier": 3, "proficent": false}, "perception": {"value": 0, "modifier": -3, "proficent": false}, "performance": {"value": 0, "modifier": 0, "proficent": false}, "persuasion": {"value": 0, "modifier": 0, "proficent": false}, "religion": {"value": 0, "modifier": 3, "proficent": false}, "sleight of hand": {"value": 0, "modifier": 0, "proficent": false}, "stealth": {"value": 0, "modifier": 1, "proficent": false}, "survival": {"value": 0, "modifier": -3, "proficent": false}, "proficiency": 7, "help": true}}