[
    {
        "title": "Systems Reference Document",
        "slug": "wotc-srd",
        "desc": "Dungeons and Dragons 5th Edition Systems Reference Document by Wizards of the Coast",
        "license": "Open Gaming License",
        "author": "Mike Mearls, Jeremy Crawford, Chris Perkins, Rodney Thompson, Peter Lee, James Wyatt, Robert J. Schwalb, Bruce R. Cordell, Chris Sims, and Steve Townshend, based on original material by E. Gary Gygax and Dave Arneson.",
        "organization": "Wizards of the Coast",
        "version": "5.1",
        "copyright": "System Reference Document 5.1 Copyright 2016, Wizards of the Coast, Inc.; Authors Mike Mearls, Jeremy Crawford, Chris Perkins, Rodney Thompson, Peter Lee, James Wyatt, Robert J. Schwalb, Bruce R. Cordell, Chris Sims, and Steve Townshend, based on original material by E. Gary Gygax and Dave Arneson.",
        "url": "http://dnd.wizards.com/articles/features/systems-reference-document-srd"
    }
]